MAE,Pearson,Spearman,CCC,n,classes,marker_overlap
0.3327467131519141,0.03161331565651588,-0.12820934036920772,0.025411437600870418,14,4,438
