MAE,RMSE,Pearson,Spearman,CCC,n
0.09847360761667405,0.11725139463800052,0.7704941195846183,0.6560268178183009,0.7692545205430522,9
