ue_pearson,ue_spearman,n
0.5919428228660529,0.5499999999999999,9
