MAE,RMSE,Pearson_r,CCC
0.08455768714456148,0.10123826011186987,0.8459030527053755,0.8439113470925177
