MAE,RMSE,Pearson,CCC
0.0950601116557397,0.11329128744949005,0.8012003256214044,0.8010996900147995
