MAE,RMSE,Pearson,CCC
0.08455768714456148,0.10123826011186987,0.8459030527053751,0.843911347092518
